{"model":{"0":"sarima","1":"sarima","2":"sarima","3":"sarima","4":"sarima","5":"sarima","6":"sarima"},
"wape":{"0":4187.4414821462,"1":5941.0401432345,"2":2598.8586893524,"3":3948.6936052632,"4":3389.1631259195,"5":2856.9509610432,"6":1002.319125669},
"rmse":{"0":41.6110283853,"1":50.3446266279,"2":36.4893416031,"3":66.4685982763,"4":48.8451082451,"5":43.3087416823,"6":24.1917858961},
"r2":{"0":0.5707586965,"1":0.2498519845,"2":-0.0153988841,"3":2.4722307598,"4":0.4237606121,"5":0.0726890614,"6":0.1626394641},
"mape":{"0":0.2187479016,"1":0.2453769607,"2":0.2526151765,"3":0.3943373977,"4":0.3384066002,"5":0.2675281093,"6":0.3026356552},
"mae":{"0":33.5445712526,"1":43.0614387097,"2":28.361362058,"3":45.0018341919,"4":38.8506316187,"5":30.1831092974,"6":18.8426535699},
"product_category":{"0":"bed_bath_table","1":"health_beauty","2":"sports_leisure","3":"furniture_decor","4":"housewares","5":"watches_gifts","6":"telephony"}}