{"model":{"0":"sarima","1":"sarima","2":"sarima","3":"sarima","4":"sarima","5":"sarima","6":"sarima"},"wape":{"0":28102.7360819328,"1":24565.689073741,"2":16470.0837628866,"3":12601.5137867647,"4":11114.2417763158,"5":9168.6862033195,"6":4429.1498893805},"rmse":{"0":185.1572811153,"1":183.6383163994,"2":142.6042381909,"3":132.0948995987,"4":129.0402069124,"5":121.3097790782,"6":75.9220406075},"r2":{"0":30.1009864676,"1":15.6294903868,"2":14.0381057678,"3":12.7134787481,"4":8.9367627999,"5":7.4161669958,"6":10.451040343},"mape":{"0":0.9942917551,"1":0.9940467471,"2":0.9921141348,"3":0.9913362083,"4":0.9910146396,"5":0.9903307494,"6":0.9846515573},"mae":{"0":182.15625,"1":178.03125,"2":137.78125,"3":127.1875,"4":122.375,"5":113.875,"6":72.53125},"product_category":{"0":"bed_bath_table","1":"health_beauty","2":"sports_leisure","3":"furniture_decor","4":"housewares","5":"watches_gifts","6":"telephony"}}