,model,wape,rmse,r2,mape,mae,product_category
0,sarima,4187.441482146227,41.611028385330236,-0.5707586965370361,0.21874790155748386,33.544571252561454,bed_bath_table
1,sarima,5941.0401432345,50.344626627937465,-0.24985198446181056,0.24537696072476445,43.061438709705776,health_beauty
2,sarima,2598.8586893524034,36.48934160308246,0.015398884101561205,0.2526151765317418,28.361362058022195,sports_leisure
3,sarima,3948.693605263208,66.46859827628927,-2.472230759803428,0.39433739772622123,45.00183419190527,furniture_decor
4,sarima,3389.163125919539,48.84510824512467,-0.4237606121065258,0.33840660015590396,38.85063161869268,housewares
5,sarima,2856.9509610431924,43.30874168230608,-0.07268906136972508,0.26752810928752946,30.18310929744979,watches_gifts
6,sarima,1002.3191256690378,24.191785896066428,-0.16263946407990093,0.30263565522320857,18.842653569902993,telephony
