{"wape":{"0":970.155853946},"rmse":{"0":25.8259233181},"r2":{"0":-0.3250153647},"mape":{"0":0.3349282423},"mae":{"0":20.5161735142}}