{"model":{"0":"prophet","1":"prophet","2":"prophet","3":"prophet","4":"prophet","5":"prophet","6":"prophet"},"wape":{"0":13045.2259518306,"1":9052.5998276014,"2":6125.8088030078,"3":7249.7692440386,"4":5246.200914985,"5":3215.5638451514,"6":2172.020214604},"rmse":{"0":117.3448991963,"1":83.294688247,"2":80.8800513846,"3":91.1169599769,"4":71.7701121263,"5":57.7406575935,"6":55.2407623915},"r2":{"0":-11.4916845042,"1":-2.4212668516,"2":-3.8373900413,"3":-5.5249018412,"4":-2.0738457547,"5":-0.9067167069,"6":-5.0621758126},"mape":{"0":0.5316125864,"1":0.3649339539,"2":0.5243117633,"3":0.6285427358,"4":0.4021182904,"5":0.3270281028,"6":0.700814997},"mae":{"0":90.6544895843,"1":65.0842281712,"2":63.6822658259,"3":76.6012499351,"4":53.3301990251,"5":38.385326205,"6":43.6133656797},"product_category":{"0":"bed_bath_table","1":"health_beauty","2":"sports_leisure","3":"furniture_decor","4":"housewares","5":"watches_gifts","6":"telephony"},"rank_mape":{"0":1.0,"1":1.0,"2":1.0,"3":1.0,"4":1.0,"5":1.0,"6":1.0},"rank_wape":{"0":1.0,"1":1.0,"2":1.0,"3":1.0,"4":1.0,"5":1.0,"6":1.0},"rank_rmse":{"0":1.0,"1":1.0,"2":1.0,"3":1.0,"4":1.0,"5":1.0,"6":1.0},"rank_mae":{"0":1.0,"1":1.0,"2":1.0,"3":1.0,"4":1.0,"5":1.0,"6":1.0},"rank_r2":{"0":1.0,"1":1.0,"2":1.0,"3":1.0,"4":1.0,"5":1.0,"6":1.0},"base_mae":{"0":34.1842105263,"1":23.8815789474,"2":21.2763157895,"3":26.4868421053,"4":21.0657894737,"5":17.1052631579,"6":12.8157894737},"base_rmse":{"0":51.8631803275,"1":36.760784311,"2":29.3690223481,"3":40.1826422332,"4":28.917532471,"5":28.7749891399,"6":18.5514930595},"mase":{"0":2.6519404189,"1":2.725289995,"2":2.9931058768,"3":2.8920491779,"4":2.5316022023,"5":2.2440652243,"6":3.4030962953},"rmsse":{"0":2.2625858741,"1":2.2658572119,"2":2.7539238598,"3":2.2675701475,"4":2.4818892206,"5":2.0066265642,"6":2.9776990032},"rank_rmsse":{"0":1.0,"1":1.0,"2":1.0,"3":1.0,"4":1.0,"5":1.0,"6":1.0},"rank_mase":{"0":1.0,"1":1.0,"2":1.0,"3":1.0,"4":1.0,"5":1.0,"6":1.0},"min_wape":{"0":762.9031363854,"1":762.9031363854,"2":762.9031363854,"3":762.9031363854,"4":762.9031363854,"5":762.9031363854,"6":762.9031363854},"min_rmse":{"0":11.0805027442,"1":11.0805027442,"2":11.0805027442,"3":11.0805027442,"4":11.0805027442,"5":11.0805027442,"6":11.0805027442},"min_r2":{"0":-96.2346280672,"1":-96.2346280672,"2":-96.2346280672,"3":-96.2346280672,"4":-96.2346280672,"5":-96.2346280672,"6":-96.2346280672},"min_mape":{"0":0.1328249735,"1":0.1328249735,"2":0.1328249735,"3":0.1328249735,"4":0.1328249735,"5":0.1328249735,"6":0.1328249735},"max_wape":{"0":5537.4662056804,"1":5537.4662056804,"2":5537.4662056804,"3":5537.4662056804,"4":5537.4662056804,"5":5537.4662056804,"6":5537.4662056804},"max_rmse":{"0":84.3427691158,"1":84.3427691158,"2":84.3427691158,"3":84.3427691158,"4":84.3427691158,"5":84.3427691158,"6":84.3427691158},"max_r2":{"0":-2.0551176625,"1":-2.0551176625,"2":-2.0551176625,"3":-2.0551176625,"4":-2.0551176625,"5":-2.0551176625,"6":-2.0551176625},"max_mape":{"0":1.7177728194,"1":1.7177728194,"2":1.7177728194,"3":1.7177728194,"4":1.7177728194,"5":1.7177728194,"6":1.7177728194},"max_mae":{"0":82.079672661,"1":82.079672661,"2":82.079672661,"3":82.079672661,"4":82.079672661,"5":82.079672661,"6":82.079672661},"min_mae":{"0":10.6036340357,"1":10.6036340357,"2":10.6036340357,"3":10.6036340357,"4":10.6036340357,"5":10.6036340357,"6":10.6036340357}}